{
  "atom": "#7CB342",
  "bash": "#FFF",
  "curl": "#9CCC65",
  "docker": "#0EB7ED",
  "docker-compose": "#0EB7ED",
  "elixir": "#440e60",
  "emacs": "#7e5cb7",
  "erlang": "#7f1831",
  "ethereum": "#8A93B1",
  "fish": "#D8494F",
  "find": "#9CCC65",
  "geth": "#B2FF59",
  "git": "#fc6d26",
  "gulp": "#CF4647",
  "heroku": "#6762a6",
  "npm": "#C12127",
  "make": "#00aeff",
  "mongod": "#589636",
  "mongo": "#589636",
  "nodejs": "#7EBF00",
  "node": "#7EBF00",
  "ping": "#00aeff",
  "python": "#FFDF59",
  "postgres": "#27527E",
  "rails": "#CC0000",
  "ruby": "#CC342D",
  "search": "#9CCC65",
  "shell": "#00aeff",
  "testrpc": "#8A93B1",
  "unzip": "#FD9126",
  "vim": "#007f00",
  "yarn": "#2C8EBB",
  "zip": "#FD9126",
  "zsh": "#C5DB00"
}
